"Ia8uRrxk5x1528813731551","PI040298AD5I210671"
"WS41vIwftJ1528276164260","PI040298AD5I213217"
"wODm682qIX1525695709124","PI040298AA3L037492"
"skRb9v3tZT1546945309612","PI040298AD5I211116"
"CJypkbFYzU1546945170598","PI040298AD5I212900"
"Gufra4rvmy1546938281907","PI040298AD5I212843"
"WSJeiYOaM91546937586108","PI040298AD5I212405"
"iqgJ7rjpzi1546936135395","PI040298AD5I212935"
"3n969zDDYQ1546935965454","PI040298AD5I210877"
"o8I066MDje1546935797725","PI040298AD5I213717"
"5QsIf0SopH1528271286936","PI040298AD5I212353"
"H0i57OqvaM1528270907175","PI040298AD5I210961"
"VKfMFlC2DN1493547505963","PI040297AD5I205432"
"oT8I22X5Sd1486911690656","PI040297AD5I202662"
"zoKnlodeWy1528813248527","PI040298AD5G200823"
"4YGjuJFuda1543998509107","PI040298AA3I003940"
"n641ZVD5Ol1493536306753","PI040297AD5J210686"
"KaZkP5nIA41499524393385","PI040297AD5J210649"
"neLIe6f3XT1493548610137","PI040297AD5I205446"
"x3mQpGsEqa1493551908853","PI040297AD5J210547"
"PeFP8UDTJd1535880337383","PI040298AD5I212303"
"boTJdIIEgk1495627831933","PI040297AD5J210657"
"Yw1IGXMPV91525691652437","PI040298AA3L037412"
"4kfVnaPfZw1542966658637","PI040298AA3I002389"
"kRJmBTYcID1540469617886","PI040298AD5I207140"
"MksabK8No31540469025963","PI040298AD5I208076"
"zUPTS3zyWM1540468413635","PI040298AD5I205820"
"m8xx7CMIYY1493552889644","PI040297AD5J210651"
"HpKZdwOKyr1540462726816","PI040298AD5I208040"
"vwJaEQNokP1540461393430","PI040298AD5I207581"
"hOXg6cRowD1486911646532","PI040297AD5I208860"
"9eFF8oTQrh1489508884811","PI040297AD5I207643"
"wABnaagMyt1493543533615","PI040297AD5J210386"
"8BSzQSvrYf1536046984925","PI040298AD5I211849"
"YZfKDHAtAa1535714221465","PI040298AD5I211964"
"qI7p3G0eUG1528810053612","PI040298AD5I211295"
"x0TIKQXIca1533105939048","PI040298AD5I210910"
"TFvLR6YD8a1533105696934","PI040298AD5I211157"
"L3aUo4ImoA1533105212707","PI040298AD5I212071"
"C81ocPD2tO1533105078316","PI040298AD5I212503"
"7rIoQvusEp1531738948859","PI040298AD5I213380"
"LUjDjweOyN1531738388452","PI040298AD5I212132"
"vvzsARqcSZ1532678195777","PI040298AD5I211143"
"KYrBmsMkja1532678101779","PI040298AD5I211139"
"HVVrGmkwEa1532677695884","PI040298AD5I213015"
"jq4l54MV8n1532419962071","PI040298AD5I214132"
"53JQvMqkm41528281041209","PI040298AD5I212310"
"Bp02C7K1Y71489145599918","PI040297AD5I210142"
"DtBL7iAwlq1530540046523","PI040298AD5I212132"
"TPEAyPtCDc1530539747156","PI040298AD5I212151"
"nZI13Ccxer1530537947058","PI040298AD5I213380"
"D1nEpNixsi1530536770517","PI040298AD5I206165"
"PtGuRlRENM1530536422540","PI040298AD5I210090"
"i2DOYVRSjK1530536062613","PI040298AD5I209227"
"985XFUTYnL1531740643079","PI040298AD5I209227"
"qaWsEMUQDl1531740445142","PI040298AD5I206165"
"KiTslR1aKg1531740233673","PI040298AD5I210090"
"hvtCcrDJXH1531738695779","PI040298AD5I212151"
"hUEfK0rGhL1530990078874","PI040298AD5I213726"
"aGymhidJoK1530775481408","PI040298AD5I210883"
"z7By4WS5iA1530775653930","PI040298AD5I212411"
"2dHMLo3Igi1530775570402","PI040298AD5I208014"
"lXDcKWYBRO1530775333076","PI040298AD5I212939"
"OsuoUuDZvN1530775222537","PI040298AD5I207677"
"G7TNEeosOc1530776147943","PI040298AD5I209163"
"eDrJQaJJTY1530776057361","PI040298AD5I205835"
"rSg6Jg82f11530775765478","PI040298AD5I212498"
"6jA4lb1Q4a1530775825673","PI040298AD5I211286"
"7KBYD1CYjk1530775695476","PI040298AD5I212302"
"Vf2xocB6Hz1486912474956","PI040297AD5I206142"
"mkW62kCHXN1489509025204","PI040297AD5I208082"
"VolUNhjzCm1486913113891","PI040297AD5J210744"
"xhPJ95Bx8V1530775166783","PI040298AD5I210669"
"EQ4RBds9Zi1530775293701","PI040298AD5I211169"
"wsV6i6DMP01530775416394","PI040298AD5I205637"
"rSPjoJvCCO1530775526808","PI040298AD5I213199"
"JjtcOOpwCU1530775607965","PI040298AD5I213345"
"RlRfOtB0mS1530774647038","PI040298AD5I206056"
"H5l1XRgyJG1530782592543","PI040298AD5I212924"
"dgjMzfAJes1530783086432","PI040298AD5I213877"
"qA54XwXO9i1530783838533","PI040298AD5I213895"
"wBoKSF9n9A1530784378020","PI040298AD5I211199"
"KVBNJOjSfr1530789950039","PI040298AD5I211962"
"MnUgv1jbnU1530774689607","PI040298AD5I207305"
"ZS0bhy34e31530775030923","PI040298AD5I205466"
"PIABJkVbtz1530776252842","PI040298AD5G203200"
"8EEJqxTZj01530775023370","PI040298AD5I209645"
"LhnWJckGEt1530774607944","PI040298AD5I208529"
"vVPRmWVW2Y1489145597169","PI040297AD5I207283"
"k1Lign5mKH1530774559199","PI040298AD5I208805"
"hJTNpLPw4S1530776534361","PI040298AD5I212155"
"AP66ik3n5i1495625508619","PI040297AD5I208377"
"HOPIoO2Aya1530788627398","PI040298AD5I211066"
"2KFHSqp3Uk1530782104902","PI040298AD5I211970"
"nECjPHvFCL1530774515817","PI040298AD5I208374"
"UYOoh55WRh1530773663514","PI040298AD5I209690"
"UdUgupTvjY1493542186829","PI040297AD5J210817"
"0IkaeAJ5pl1493542567921","PI040297AD5J210999"
"3rVm95NnYY1493543195183","PI040297AD5J210833"
"qnMuh7tYew1490081839408","PI040297AD5I209390"
"uLFVgRmCi11528282192212","PI040298AD5G204790"
"SAOY7ls1PP1528285017899","PI040298AD5I210214"
"EI7NWdDnQr1528282308362","PI040298AD5I209830"
"K3ioxonxCs1528282370685","PI040298AD5I210524"
"5uxkuAln9w1530539911259","PI040298AD5I212011"
"CT0Z8fyuMU1530537872700","PI040298AD5I210456"
"hVECS3hr7j1530537512276","PI040298AD5I206491"
"P6fspzld0U1530537196937","PI040298AD5I205464"
"6vF39Gpibo1530536398398","PI040298AD5I209548"
"wH1KPFqVzM1530535844262","PI040298AD5I205759"
"nFN7zINe1E1530534243677","PI040298AD5I210503"
"SU0bGSXPqG1530527974837","PI040298AD5I212417"
"VXIIJmQVte1530527800082","PI040298AD5I213362"
"vd1AjZ3PwO1530527544892","PI040298AD5I213284"
"mHLhNXsfMG1530527327432","PI040298AD5I213541"
"1IuPQIaqyB1530526991928","PI040298AD5I213845"
"MAypxFJCHN1528812115783","PI040298AD5I212568"
"vSNb1ZjheS1528812041957","PI040298AD5I212296"
"AKdT8wqEm51528811962458","PI040298AD5I211946"
"pCE0WvWtTu1528811857148","PI040298AD5I213381"
"6pBWIKvv711528811763841","PI040298AD5I214017"
"Maq9tfr9nL1528811665622","PI040298AD5I212653"
"abvmpss6Yk1528811120055","PI040298AD5I212771"
"6SfjPMOLJh1528811022163","PI040298AD5I212871"
"HFvm205NFm1528810938544","PI040298AD5I210881"
"hGEsZkRgct1528810816665","PI040298AD5I213387"
"dEcrdhn11x1528810754237","PI040298AD5I212872"
"A5NJ1r2xdD1528810481735","PI040298AD5I213759"
"Mz3JOpPnTR1528810351324","PI040298AD5I212850"
"smzDlfpumB1528810166447","PI040298AD5I212925"
"rmEHiGtEIg1528809335715","PI040298AD5I212054"
"7vYQo7DSi31528809259707","PI040298AD5I213730"
"3MA7Uq4rs41528809165789","PI040298AD5I211079"
"zvn0Gq0wu81528808994681","PI040298AD5G204126"
"wjtktEAVuY1528808888063","PI040298AD5I211751"
"y2s050BRTn1528807912655","PI040298AD5I213536"
"asj6zJZe1o1528807912694","PI040298AD5I214075"
"6DUvKdYMtT1528807912693","PI040298AD5I212798"
"VqGH0CXRLm1528807794035","PI040298AD5I213182"
"eGz2mMcPe71528807716986","PI040298AD5I210907"
"25NrNXXHzR1528806564957","PI040298AD5I212848"
"igD3oiDynz1528805833731","PI040298AD5I205930"
"ejXOeIGvcv1528805009052","PI040298AD5G202429"
"TCCk76abD91528285098180","PI040298AD5I212797"
"ibqpoLBFoD1528284936624","PI040298AD5I207840"
"UPeXQ81Kni1528284889475","PI040298AD5G200686"
"5OSEPLWanH1528284509109","PI040298AD5I205984"
"JlbIPvy2bx1528284454906","PI040298AD5I208191"
"kElmVsgqhD1528284313966","PI040298AD5I208544"
"Cim87TU1kd1528284230276","PI040298AD5I207220"
"dYzbkDIbRe1528284055852","PI040298AD5I210226"
"Qs29kZOg0m1528283660526","PI040298AD5I206151"
"ZGMoB8LYUc1528283597728","PI040298AD5G201585"
"l2ght5hZae1528283508625","PI040298AD5I206412"
"XlxOMrdE0Y1528283462026","PI040298AD5I205962"
"HDXuhLVVws1528283369986","PI040298AD5I205961"
"OKvgbjefv81528282974419","PI040298AD5G204063"
"QhN6WvRk3g1528282923101","PI040298AD5I208604"
"5XAVZURzyA1528282863652","PI040298AD5I205747"
"RfFJ4Gu8Ma1528282801798","PI040298AD5G200351"
"vJal6glmiI1528282759132","PI040298AD5I205638"
"H8c6O7uuec1528287182025","PI040298AD5I209890"
"vUv2cWpBQQ1528285207503","PI040298AD5I211912"
"7jXahIcgVM1528282257998","PI040298AD5I211866"
"uSwkO6mCrO1528282139025","PI040298AD5I213743"
"jF11o6MBY91528280770232","PI040298AD5I212402"
"xXkE0n1gcu1528280250659","PI040298AD5I211071"
"ph7UOCwIXo1528279504417","PI040298AD5I214013"
"WTs0mJzPLl1528279183831","PI040298AD5I212673"
"ALr7Xa6rdC1528277713068","PI040298AD5I212009"
"6AjfMQcnsf1528277419489","PI040298AD5I213474"
"qMM8Zwtji71528276839144","PI040298AD5I213553"
"DVrJdcecrG1528275667503","PI040298AD5I210846"
"H0WQ1YCSDY1528274854051","PI040298AD5I210955"
"iVvHnlmnZN1528273333347","PI040298AD5I210953"
"g7Idq0rQKC1528273028159","PI040298AD5I210694"
"Hc9dCrgO6L1528272768507","PI040298AD5I210951"
"D7ubPbDytV1528272493692","PI040298AD5I212363"
"WBwFKx1iQI1528272217758","PI040298AD5I213465"
"2LtjyMFHF71528271902171","PI040298AD5I212348"
"ea4DvYlPKD1528271596481","PI040298AD5I210977"
"nE3fI0PeoZ1528270722212","PI040298AD5I212360"
"XnAzfspPfa1528270300487","PI040298AD5I213477"
"59gFn9h0fx1528269119894","PI040298AD5I213643"
"AUn55Ak9LK1528267825324","PI040298AD5I213212"
"EWUjJ9dSrl1512563005278","PI040297AD5I208779"
"Y56eX5kAvx1499621503959","PI040297AD5J210372"
"QS05mfPNtH1525695971423","PI040298AA3J020723"
"VW23nGsS9o1525695386634","PI040298AA3I001380"
"hV8pUFQkaE1525694900112","PI040298AA3J017662"
"tN0QVOAz3a1525694604390","PI040298AA3K026263"
"HsfEOooEF61525694250417","PI040298AA3J012339"
"zlMW5J8ljC1525693859945","PI040298AA3K024518"
"1qzsun4za01525693528638","PI040298AA3I003499"
"Ei5bf8EfQm1525692956978","PI040298AA3I002215"
"gB3bSRagzW1520515017554","PI040297AD5J210353"
"z21kKz71hE1512308656116","PI040297AD5I207122"
"cOLLY39tZT1520768764065","PI040298AA3K026747"
"0R0osM3kg31521023787748","PI040298AA3I002600"
"WdsvpNJdsX1520777005191","PI040298AA3I002600"
"gdrbn0gmWQ1520776067636","PI040298AA3I001211"
"IgZARh7mFO1493549538308","PI040297AD5J210835"
"nEBr7N1CTZ1486911649982","PI040297AD5I207323"
"wiBWibWab11495625661878","PI040297AD5I209212"
"3UB9nroIzx1515427114271","PI040298AA3J007538"
"6kCvzZK7121515427681171","PI040298AA3K026706"
"AQGuJe6U3l1500578141337","PI040297AD5J210836"
"ZZ9chcDMUQ1486911650474","PI040297AD5I208136"
"uXnOXfP7D41515431556399","PI040298AA3I002348"
"z4UIBtGOHZ1515430534812","PI040298AA3J021301"
"R3m1nKDXr71493552035217","PI040297AD5J210540"
"cZpkG7gi2H1493543816532","PI040297AD5J210600"
"ZLY1t2lkPn1515432852630","PI040298AA3I001211"
"FO01oOaCvK1515431996111","PI040298AA3K026747"
"VQOxHa8AY81515430134823","PI040298AA3I002307"
"mCm38Jyu7v1515429860025","PI040298AA3I000723"
"Ccaaxp77rO1515429994072","PI040298AA4A043844"
"qa6eTi32IT1515429186571","PI040298AA3I003969"
"oZoxtrye0L1515428616299","PI040298AA3I001749"
"m9RKKLHWvZ1493550238577","PI040297AD5I208371"
"vwGb2l8JUc1512562855692","PI040297AD5I209069"
"4ZaEg3ivbe1493547135785","PI040297AD5I207928"
"EjfY54NUYO1493554070778","PI040297AD5J211003"
"0zXzv12w2U1493553258507","PI040297AD5J210748"
"yO6Pb41zMp1493551400490","PI040297AD5J210780"
"P8uxPbpxm01493546011582","PI040297AD5J210919"
"OxcbiK47Qu1493545764360","PI040297AD5J210352"
"BiSyynaXhg1493544561639","PI040297AD5J210652"
"ShZfDq4KLF1489145999776","PI040297AD5I205375"
"P0bmEjBkCs1493534869842","PI040297AD5J210830"
"ynCLOKJV811493540336771","PI040297AD5J210741"
"btF8yA7KTA1493533853582","PI040297AD5J210542"
"1N3l2JtlW31493544968418","PI040297AD5J210382"
"BdY2h05sep1493540814192","PI040297AD5J210834"
"SkFG5yttcL1493535567653","PI040297AD5J211002"
"MLat28BMPF1493538606825","PI040297AD5J210645"
"qlpLbVMtYV1500577699172","PI040297AD5I207137"
"LniPyERvR71493550238559","PI040297AD5J210383"
"CIVflNJ2571493548909515","PI040297AD5J210647"
"xtM9Qz8vz71493541501525","PI040297AD5J210920"
"G1YIUkzfTd1493549843414","PI040297AD5J210924"
"UumcFumVpo1493546332454","PI040297AD5J210381"
"7x7rCDOEiA1493539580722","PI040297AD5I204161"
"J832jmgmHK1495631861844","PI040297AD5J210370"
"oUBHwoyArQ1495627700205","PI040297AD5I207110"
"Va1yAg7Gvk1495626934433","PI040297AD5J210656"
"eC1rcrDHEp1493550952808","PI040297AD5J211001"
"jeEHkhi9aW1493544114793","PI040297AD5J210623"
"7C2Y7K4x7v1490090319400","PI040297AD5I210214"
"u8qqCBEBDX1489508932964","PI040297AD5I208562"
"hYQ9k7FuVa1489508985106","PI040297AD5J210626"
"StyOwvQjsR1486911626008","PI040297AD5I207036"
